{
  "Компьютер": {
    "не включается": {
      "горит индикатор, кулеры крутятся": {
        "нет изображения": {
          "итог": "Возможной причиной может быть: видеокарта, монитор, кабель подключения."
        },
        "появляется синий экран": {
          "итог": "Синий экран может быть вызван драйверами, ОЗУ или системой."
        }
      },
      "не реагирует на кнопку включения": {
        "итог": "Проверьте блок питания, кнопку включения, кабель."
      }
    },
    "включается и выключается сам": {
      "итог": "Возможной причиной может быть перегрев, БП или короткое замыкание."
    }
  }
}